[
  {
    "subject": "Приложение для изучения растений по географическим областям",
    "diagram": "https://raw.githubusercontent.com/LaptAAA/JS2023/main/ЛаптеваАнна3.png",
    "author": "Лаптева Анна",
    "members": [
      [
        "ПЛ",
        "пользователь",
        "blue"
      ],
      [
        "ПР",
        "приложение",
        "red"
      ],
      [
        "БР",
        "браузер",
        "maroon"
      ],
      [
        "ХД",
        "хранилище данных",
        "purple"
      ]
    ]
  },
  {
    "useCase": "Знакомство с областями",
    "x": 211,
    "y": 118,
    "steps": [
      "ПЛ просит БР отобразить страницу с ПР",
      "БР просит ПР запуститься",
      "ПР просит БР загрузить список областей",
      "ПР просит БР отобразить список областей в качестве выпадающего списка",
      "БР просит ПЛ ознакомиться с областями"
    ]
  },
  {
    "useCase": "Выбор интересующей области",
    "x": 222,
    "y": 204,
    "steps": [
      "БР просит ПЛ выбрать название области",
      "ПЛ просит БР отобразить страницу с выбранной областью",
      "БР просит ПР обработать просьбу ПЛ"
    ],
    "alt": [
      {
        "scenarioName": "Пользователь попросил отобразить страницу с областью, не выбрав название области",
        "step": 1.5,
        "steps": [
          "БР просит ПЛ ознакомиться, что название области пустое"
        ]
      },
      {
        "scenarioName": "Пользователь ввел с клавиатуры название области, которой нет в списке",
        "step": 1.5,
        "steps": [
          "БР просит ПЛ ознакомиться, что введенное название области нет в списке областей"
        ]
      }
    ]
  },
  {
    "useCase": "Поиск растения по названию из выбранной области",
    "x": 217,
    "y": 340,
    "steps": [
      "ПЛ просит БР отобразить информацию о растении по введенному названию",
      "БР просит ПР обработать просьбу ПЛ",
      "ПР просит БР загрузить фотографию растения из выбранной области",
      "ПР просит БР загрузить из файла биологические описание растения из выбранной области",
      "ПР просит БР загрузить из файла описание использования растения из выбранной области в качестве лекарства",
      "ПР просит БР загрузить из файла описание использования растения из выбранной области в качестве яда",
      "ПР просит ХД предоставить информацию о знакомстве с растением из выбранной области в реальности",
      "ПР просит ПР подготовить данные для отображения",
      "БР просит ПЛ ознакомиться с растением"
    ],
    "alt": [
      {
        "scenarioName": "Пользователь попросил отобразить страницу с растением, не введя название растения",
        "step": 1.5,
        "steps": [
          "БР просит ПЛ ознакомиться, что название растения пустое"
        ]
      },
      {
        "scenarioName": "Пользователь ввел с клавиатуры название растения, которого нет в списке",
        "step": 1.5,
        "steps": [
          "БР просит ПЛ ознакомиться, что введенное название растения нет в списке названий растений в выбранной области"
        ]
      }
    ]
  },
  {
    "useCase": "Знакомство с растениями из выбранной области",
    "x": 211,
    "y": 422,
    "steps": [
      "ПР просит БР загрузить фотографии растений из выбранной области",
      "ПР просит БР загрузить из файла биологические описания растений из выбранной области",
      "ПР просит БР загрузить из файла описания использований растений из выбранной области в качестве лекарств",
      "ПР просит БР загрузить из файла описания использований растений из выбранной области в качестве ядов",
      "ПР просит ХД предоставить информацию об увиденных растениях из выбранной области",
      "ПР просит ПР подготовить данные для отображения",
      "БР просит ПЛ ознакомиться с растениями из выбранной области"
    ],
    "alt": [
      {
        "scenarioName": "Отсутствует фотография растения",
        "step": 1.5,
        "steps": [
          "ПР просит БР заблокировать возможность отметить растение без фотографии как увиденное",
          "БР просит ПЛ ознакомиться с растениями выбранной области"
        ]
      },
      {
        "scenarioName": "Отсутствует файл с биологическим описанием растений",
        "step": 2.5,
        "steps": [
          "БР просит ПР ознакомиться с тем, что файл отсутствует",
          "ПР просит БР проинформировать ПЛ о том, что файл с биологическими описаниями растений отсутствует",
          "БР просит ПЛ ознакомиться с тем, что файл с биологическими описаниями растений отсутствует"
        ]
      }
    ]
  },
  {
    "useCase": "Маркировка растения из выбранной области как увиденного в реальности",
    "x": 379,
    "y": 365,
    "steps": [
      "ПЛ просит БР отметить растение как увиденное",
      "БР просит ПР обработать просьбу ПЛ",
      "ПР просит ХД добавить растение в список увиденных растений"
    ]
  },
  {
    "useCase": "Сброс маркировок знакомства со всех растений из выбранной области",
    "x": 370,
    "y": 280,
    "steps": [
      "ПЛ просит БР исключить из списка увиденных растений все растения из выбранной области",
      "БР просит ПР обработать просьбу ПЛ",
      "ПР просит ХД удалить информацию об увиденных знаках из выбранной области",
      "ПР просит БР обновить инфорацию об увиденных растениях",
      "БР просит ПР ознакомится с растениями из выбранной области"
    ]
  }
]
